-- phpMyAdmin SQL Dump
-- version 4.6.6deb5
-- https://www.phpmyadmin.net/
--
-- Host: localhost:3306
-- Generation Time: Jun 15, 2020 at 04:57 PM
-- Server version: 10.3.17-MariaDB-0+deb10u1
-- PHP Version: 7.3.11-1~deb10u1

SET SQL_MODE = "NO_AUTO_VALUE_ON_ZERO";
SET time_zone = "+00:00";


/*!40101 SET @OLD_CHARACTER_SET_CLIENT=@@CHARACTER_SET_CLIENT */;
/*!40101 SET @OLD_CHARACTER_SET_RESULTS=@@CHARACTER_SET_RESULTS */;
/*!40101 SET @OLD_COLLATION_CONNECTION=@@COLLATION_CONNECTION */;
/*!40101 SET NAMES utf8mb4 */;

--
-- Database: `greenhouse`
--

-- --------------------------------------------------------

--
-- Table structure for table `actuator`
--

CREATE TABLE `actuator` (
  `id` int(11) NOT NULL,
  `name` varchar(45) DEFAULT NULL,
  `status` tinyint(4) DEFAULT NULL
) ENGINE=InnoDB DEFAULT CHARSET=utf8;

--
-- Dumping data for table `actuator`
--

INSERT INTO `actuator` (`id`, `name`, `status`) VALUES
(1, 'Switch plant 1', 1),
(2, 'Switch plant 2', 1),
(3, 'Switch plant 3', 1),
(4, 'Switch plant 4', 1);

-- --------------------------------------------------------

--
-- Stand-in structure for view `fullreadings`
-- (See below for the actual view)
--
CREATE TABLE `fullreadings` (
`readingID` int(11)
,`datainput` datetime
,`sensorID` int(11)
,`sensorName` varchar(45)
,`sensorDescription` varchar(100)
,`sensorUnit` varchar(3)
,`value` double
,`actuatorID` int(11)
,`actuatorName` varchar(45)
,`actuatorStatus` tinyint(4)
,`pumpsID` int(11)
,`pumpsName` varchar(45)
,`pumpsDescription` varchar(100)
);

-- --------------------------------------------------------

--
-- Table structure for table `pumps`
--

CREATE TABLE `pumps` (
  `id` int(11) NOT NULL,
  `name` varchar(45) NOT NULL,
  `description` varchar(100) DEFAULT NULL
) ENGINE=InnoDB DEFAULT CHARSET=utf8;

--
-- Dumping data for table `pumps`
--

INSERT INTO `pumps` (`id`, `name`, `description`) VALUES
(1, 'Waterpomp 1', NULL),
(2, 'Waterpomp 2', NULL),
(3, 'Waterpomp 3', NULL),
(4, 'Waterpomp 4', NULL);

-- --------------------------------------------------------

--
-- Table structure for table `reading`
--

CREATE TABLE `reading` (
  `id` int(11) NOT NULL,
  `datainput` datetime NOT NULL,
  `sensorId` int(11) DEFAULT NULL,
  `value` double DEFAULT NULL,
  `actuatorId` int(11) DEFAULT NULL,
  `pumpId` int(11) DEFAULT NULL
) ENGINE=InnoDB DEFAULT CHARSET=utf8;

--
-- Dumping data for table `reading`
--

INSERT INTO `reading` (`id`, `datainput`, `sensorId`, `value`, `actuatorId`, `pumpId`) VALUES
(1, '2020-05-23 07:00:00', 1, 85.6, 1, 1),
(2, '2020-05-23 07:00:00', 2, 82.3, 2, 2),
(3, '2020-05-23 07:00:00', 3, 90.1, 3, 3),
(4, '2020-05-23 07:00:00', 4, 80.5, 4, 4),
(5, '2020-05-23 08:00:00', 1, 81.9, 1, 1),
(6, '2020-05-23 08:00:00', 2, 80.6, 2, 2),
(7, '2020-05-23 08:00:00', 3, 87.7, 3, 3),
(8, '2020-05-23 08:00:00', 4, 77.8, 4, 4),
(9, '2020-05-23 09:00:00', 1, 80.2, 1, 1),
(10, '2020-05-23 09:00:00', 2, 78.3, 2, 2),
(11, '2020-05-23 09:00:00', 3, 84.9, 3, 3),
(12, '2020-05-23 09:00:00', 4, 75.3, 4, 4),
(13, '2020-05-23 10:00:00', 1, 78.5, 1, 1),
(14, '2020-05-23 10:00:00', 2, 73.4, 2, 2),
(15, '2020-05-23 10:00:00', 3, 81.3, 3, 3),
(16, '2020-05-23 10:00:00', 4, 72.1, 4, 4),
(17, '2020-05-23 11:00:00', 1, 74.3, 1, 1),
(18, '2020-05-23 11:00:00', 2, 70, 2, 2),
(19, '2020-05-23 11:00:00', 3, 78.8, 3, 3),
(20, '2020-05-23 11:00:00', 4, 70.3, 4, 4),
(21, '2020-05-23 12:00:00', 1, 70.9, 1, 1),
(22, '2020-05-23 12:00:00', 2, 67.5, 2, 2),
(23, '2020-05-23 12:00:00', 3, 74.4, 3, 3),
(24, '2020-05-23 12:00:00', 4, 67.6, 4, 4),
(25, '2020-05-23 13:00:00', 1, 68.2, 1, 1),
(26, '2020-05-23 13:00:00', 2, 65.1, 2, 2),
(27, '2020-05-23 13:00:00', 3, 71.2, 3, 3),
(28, '2020-05-23 13:00:00', 4, 64.7, 4, 4),
(29, '2020-05-29 17:00:00', 1, 78, 1, 1),
(30, '2020-05-31 16:13:34', 1, 89.5, 1, 1),
(34, '2020-05-31 16:20:22', 5, 25.81, NULL, NULL),
(35, '2020-05-31 16:20:22', 6, 25, NULL, NULL),
(36, '2020-05-31 16:20:22', 7, 26, NULL, NULL),
(37, '2020-05-31 16:20:56', 1, 89.5, 1, 1),
(38, '2020-05-31 16:20:56', 5, 25.81, NULL, NULL),
(39, '2020-05-31 16:20:56', 6, 25, NULL, NULL),
(40, '2020-05-31 16:20:56', 7, 26, NULL, NULL),
(41, '2020-06-07 16:52:40', 8, 0, NULL, NULL),
(42, '2020-06-07 17:00:00', 1, 88.9, 1, 1),
(43, '2020-06-07 17:00:00', 2, 88.9, 2, 2),
(44, '2020-06-07 17:00:00', 3, 88.9, 3, 3),
(45, '2020-06-07 17:00:00', 4, 88.9, 4, 4),
(46, '2020-06-07 17:00:00', 5, 25.16, NULL, NULL),
(47, '2020-06-07 17:00:00', 6, 23, NULL, NULL),
(48, '2020-06-07 17:00:00', 7, 44, NULL, NULL),
(49, '2020-06-07 17:00:00', 8, 0, NULL, NULL),
(50, '2020-06-07 18:00:00', 1, 88.9, 1, 1),
(51, '2020-06-07 18:00:00', 2, 88.9, 2, 2),
(52, '2020-06-07 18:00:00', 3, 88.9, 3, 3),
(53, '2020-06-07 18:00:00', 4, 88.9, 4, 4),
(54, '2020-06-07 18:00:00', 5, 24.19, NULL, NULL),
(55, '2020-06-07 18:00:00', 6, 23, NULL, NULL),
(56, '2020-06-07 18:00:00', 7, 44, NULL, NULL),
(57, '2020-06-07 18:00:00', 8, 0, NULL, NULL),
(58, '2020-06-07 19:00:00', 1, 88.6, 1, 1),
(59, '2020-06-07 19:00:00', 2, 88.6, 2, 2),
(60, '2020-06-07 19:00:00', 3, 88.6, 3, 3),
(61, '2020-06-07 19:00:00', 4, 88.6, 4, 4),
(62, '2020-06-07 19:00:00', 5, 23.87, NULL, NULL),
(63, '2020-06-07 19:00:00', 6, 22, NULL, NULL),
(64, '2020-06-07 19:00:00', 7, 44, NULL, NULL),
(65, '2020-06-07 19:00:00', 8, 0, NULL, NULL),
(66, '2020-06-15 14:28:46', 1, 502, 1, 1),
(67, '2020-06-15 14:28:46', 2, 492, 2, 2),
(68, '2020-06-15 14:28:46', 3, 511, 3, 3),
(69, '2020-06-15 14:28:46', 4, 51, 4, 4),
(70, '2020-06-15 14:28:46', 5, 23.55, NULL, NULL),
(71, '2020-06-15 14:28:46', 6, 25, NULL, NULL),
(72, '2020-06-15 14:28:46', 7, 47, NULL, NULL),
(73, '2020-06-15 14:28:46', 8, 1, NULL, NULL),
(74, '2020-06-15 14:29:38', 1, 502, 1, 1),
(75, '2020-06-15 14:29:38', 2, 492, 2, 2),
(76, '2020-06-15 14:29:38', 3, 512, 3, 3),
(77, '2020-06-15 14:29:38', 4, 51, 4, 4),
(78, '2020-06-15 14:29:38', 5, 23.87, NULL, NULL),
(79, '2020-06-15 14:29:38', 6, 25, NULL, NULL),
(80, '2020-06-15 14:29:38', 7, 46, NULL, NULL),
(81, '2020-06-15 14:29:38', 8, 1, NULL, NULL),
(82, '2020-06-15 14:29:47', 1, 502, 1, 1),
(83, '2020-06-15 14:29:47', 2, 492, 2, 2),
(84, '2020-06-15 14:29:47', 3, 511, 3, 3),
(85, '2020-06-15 14:29:47', 4, 51, 4, 4),
(86, '2020-06-15 14:29:47', 5, 23.87, NULL, NULL),
(87, '2020-06-15 14:29:47', 6, 25, NULL, NULL),
(88, '2020-06-15 14:29:47', 7, 46, NULL, NULL),
(89, '2020-06-15 14:29:47', 8, 1, NULL, NULL),
(90, '2020-06-15 14:30:21', 1, 502, 1, 1),
(91, '2020-06-15 14:30:21', 2, 492, 2, 2),
(92, '2020-06-15 14:30:21', 3, 512, 3, 3),
(93, '2020-06-15 14:30:21', 4, 51, 4, 4),
(94, '2020-06-15 14:30:21', 5, 23.87, NULL, NULL),
(95, '2020-06-15 14:30:21', 6, 25, NULL, NULL),
(96, '2020-06-15 14:30:21', 7, 46, NULL, NULL),
(97, '2020-06-15 14:30:21', 8, 1, NULL, NULL),
(98, '2020-06-15 14:32:40', 1, 503, 1, 1),
(99, '2020-06-15 14:32:40', 2, 493, 2, 2),
(100, '2020-06-15 14:32:40', 3, 512, 3, 3),
(101, '2020-06-15 14:32:40', 4, 49, 4, 4),
(102, '2020-06-15 14:32:40', 5, 23.87, NULL, NULL),
(103, '2020-06-15 14:32:40', 6, 26, NULL, NULL),
(104, '2020-06-15 14:32:40', 7, 47, NULL, NULL),
(105, '2020-06-15 14:32:40', 8, 1, NULL, NULL),
(106, '2020-06-15 14:32:53', 1, 503, 1, 1),
(107, '2020-06-15 14:32:53', 2, 493, 2, 2),
(108, '2020-06-15 14:32:53', 3, 512, 3, 3),
(109, '2020-06-15 14:32:53', 4, 49, 4, 4),
(110, '2020-06-15 14:32:53', 5, 23.87, NULL, NULL),
(111, '2020-06-15 14:32:53', 6, 26, NULL, NULL),
(112, '2020-06-15 14:32:53', 7, 47, NULL, NULL),
(113, '2020-06-15 14:32:53', 8, 1, NULL, NULL),
(114, '2020-06-15 14:33:40', 1, 503, 1, 1),
(115, '2020-06-15 14:33:40', 2, 493, 2, 2),
(116, '2020-06-15 14:33:40', 3, 512, 3, 3),
(117, '2020-06-15 14:33:40', 4, 48, 4, 4),
(118, '2020-06-15 14:33:40', 5, 23.55, NULL, NULL),
(119, '2020-06-15 14:33:40', 6, 26, NULL, NULL),
(120, '2020-06-15 14:33:40', 7, 48, NULL, NULL),
(121, '2020-06-15 14:33:40', 8, 1, NULL, NULL),
(122, '2020-06-15 14:35:41', 1, 497, 1, 1),
(123, '2020-06-15 14:35:41', 2, 487, 2, 2),
(124, '2020-06-15 14:35:41', 3, 506, 3, 3),
(125, '2020-06-15 14:35:41', 4, 50, 4, 4),
(126, '2020-06-15 14:35:41', 5, 24.52, NULL, NULL),
(127, '2020-06-15 14:35:41', 6, 26, NULL, NULL),
(128, '2020-06-15 14:35:41', 7, 47, NULL, NULL),
(129, '2020-06-15 14:35:41', 8, 1, NULL, NULL),
(130, '2020-06-15 14:35:54', 1, 497, 1, 1),
(131, '2020-06-15 14:35:54', 2, 487, 2, 2),
(132, '2020-06-15 14:35:54', 3, 506, 3, 3),
(133, '2020-06-15 14:35:54', 4, 50, 4, 4),
(134, '2020-06-15 14:35:54', 5, 24.84, NULL, NULL),
(135, '2020-06-15 14:35:54', 6, 26, NULL, NULL),
(136, '2020-06-15 14:35:54', 7, 47, NULL, NULL),
(137, '2020-06-15 14:35:54', 8, 1, NULL, NULL),
(138, '2020-06-15 14:37:09', 1, 497, 1, 1),
(139, '2020-06-15 14:37:09', 2, 487, 2, 2),
(140, '2020-06-15 14:37:09', 3, 506, 3, 3),
(141, '2020-06-15 14:37:09', 4, 51, 4, 4),
(142, '2020-06-15 14:37:43', 1, 497, 1, 1),
(143, '2020-06-15 14:37:43', 2, 487, 2, 2),
(144, '2020-06-15 14:37:43', 3, 506, 3, 3),
(145, '2020-06-15 14:37:43', 4, 50, 4, 4),
(146, '2020-06-15 14:37:43', 5, 24.84, NULL, NULL),
(147, '2020-06-15 14:37:43', 6, 25, NULL, NULL),
(148, '2020-06-15 14:37:43', 7, 45, NULL, NULL),
(149, '2020-06-15 14:37:43', 8, 1, NULL, NULL),
(150, '2020-06-15 14:37:59', 1, 497, 1, 1),
(151, '2020-06-15 14:37:59', 2, 487, 2, 2),
(152, '2020-06-15 14:37:59', 3, 506, 3, 3),
(153, '2020-06-15 14:37:59', 4, 50, 4, 4),
(154, '2020-06-15 14:37:59', 5, 25.16, NULL, NULL),
(155, '2020-06-15 14:37:59', 6, 25, NULL, NULL),
(156, '2020-06-15 14:37:59', 7, 45, NULL, NULL),
(157, '2020-06-15 14:37:59', 8, 1, NULL, NULL),
(158, '2020-06-15 14:38:21', 1, 497, 1, 1),
(159, '2020-06-15 14:38:21', 2, 487, 2, 2),
(160, '2020-06-15 14:38:21', 3, 506, 3, 3),
(161, '2020-06-15 14:38:21', 4, 50, 4, 4),
(162, '2020-06-15 14:38:21', 5, 24.84, NULL, NULL),
(163, '2020-06-15 14:38:21', 6, 25, NULL, NULL),
(164, '2020-06-15 14:38:21', 7, 46, NULL, NULL),
(165, '2020-06-15 14:38:21', 8, 1, NULL, NULL),
(166, '2020-06-15 14:40:33', 1, 497, 1, 1),
(167, '2020-06-15 14:40:33', 2, 487, 2, 2),
(168, '2020-06-15 14:40:33', 3, 506, 3, 3),
(169, '2020-06-15 14:40:33', 4, 48, 4, 4),
(170, '2020-06-15 14:40:33', 5, 24.84, NULL, NULL),
(171, '2020-06-15 14:40:33', 6, 25, NULL, NULL),
(172, '2020-06-15 14:40:33', 7, 46, NULL, NULL),
(173, '2020-06-15 14:40:33', 8, 1, NULL, NULL),
(174, '2020-06-15 14:43:18', 1, 497, 1, 1),
(175, '2020-06-15 14:43:18', 2, 487, 2, 2),
(176, '2020-06-15 14:43:18', 3, 506, 3, 3),
(177, '2020-06-15 14:43:18', 4, 47, 4, 4),
(178, '2020-06-15 14:43:36', 1, 497, 1, 1),
(179, '2020-06-15 14:43:36', 2, 487, 2, 2),
(180, '2020-06-15 14:43:36', 3, 506, 3, 3),
(181, '2020-06-15 14:43:36', 4, 47, 4, 4),
(182, '2020-06-15 14:43:36', 5, 24.52, NULL, NULL),
(183, '2020-06-15 14:43:36', 6, 25, NULL, NULL),
(184, '2020-06-15 14:43:36', 7, 46, NULL, NULL),
(185, '2020-06-15 14:43:36', 8, 1, NULL, NULL),
(186, '2020-06-15 14:46:10', 1, 497, 1, 1),
(187, '2020-06-15 14:46:10', 2, 487, 2, 2),
(188, '2020-06-15 14:46:10', 3, 506, 3, 3),
(189, '2020-06-15 14:46:10', 4, 46, 4, 4),
(190, '2020-06-15 14:46:10', 5, 24.84, NULL, NULL),
(191, '2020-06-15 14:46:10', 6, 25, NULL, NULL),
(192, '2020-06-15 14:46:10', 7, 46, NULL, NULL),
(193, '2020-06-15 14:46:10', 8, 1, NULL, NULL),
(194, '2020-06-15 14:46:46', 1, 502, 1, 1),
(195, '2020-06-15 14:46:46', 2, 491, 2, 2),
(196, '2020-06-15 14:46:46', 3, 511, 3, 3),
(197, '2020-06-15 14:46:46', 4, 45, 4, 4),
(198, '2020-06-15 14:46:46', 5, 24.19, NULL, NULL),
(199, '2020-06-15 14:46:46', 6, 25, NULL, NULL),
(200, '2020-06-15 14:46:46', 7, 46, NULL, NULL),
(201, '2020-06-15 14:46:46', 8, 1, NULL, NULL),
(202, '2020-06-15 14:48:00', 1, 498, 1, 1),
(203, '2020-06-15 14:48:00', 2, 487, 2, 2),
(204, '2020-06-15 14:48:00', 3, 506, 3, 3),
(205, '2020-06-15 14:48:00', 4, 46, 4, 4),
(206, '2020-06-15 14:48:00', 5, 24.84, NULL, NULL),
(207, '2020-06-15 14:48:00', 6, 25, NULL, NULL),
(208, '2020-06-15 14:48:00', 7, 46, NULL, NULL),
(209, '2020-06-15 14:48:00', 8, 1, NULL, NULL),
(210, '2020-06-15 14:49:38', 1, 498, 1, 1),
(211, '2020-06-15 14:49:38', 2, 487, 2, 2),
(212, '2020-06-15 14:49:38', 3, 506, 3, 3),
(213, '2020-06-15 14:49:38', 4, 46, 4, 4),
(214, '2020-06-15 14:49:38', 5, 24.84, NULL, NULL),
(215, '2020-06-15 14:49:38', 6, 25, NULL, NULL),
(216, '2020-06-15 14:49:38', 7, 45, NULL, NULL),
(217, '2020-06-15 14:49:38', 8, 1, NULL, NULL),
(218, '2020-06-15 14:50:02', 1, 502, 1, 1),
(219, '2020-06-15 14:50:02', 2, 491, 2, 2),
(220, '2020-06-15 14:50:02', 3, 511, 3, 3),
(221, '2020-06-15 14:50:02', 4, 44, 4, 4),
(222, '2020-06-15 14:50:02', 5, 23.87, NULL, NULL),
(223, '2020-06-15 14:50:02', 6, 25, NULL, NULL),
(224, '2020-06-15 14:50:02', 7, 45, NULL, NULL),
(225, '2020-06-15 14:50:02', 8, 1, NULL, NULL),
(226, '2020-06-15 14:50:10', 1, 498, 1, 1),
(227, '2020-06-15 14:50:10', 2, 487, 2, 2),
(228, '2020-06-15 14:50:10', 3, 506, 3, 3),
(229, '2020-06-15 14:50:10', 4, 46, 4, 4),
(230, '2020-06-15 14:50:10', 5, 24.84, NULL, NULL),
(231, '2020-06-15 14:50:10', 6, 25, NULL, NULL),
(232, '2020-06-15 14:50:10', 7, 46, NULL, NULL),
(233, '2020-06-15 14:50:10', 8, 1, NULL, NULL),
(234, '2020-06-15 14:51:37', 1, 498, 1, 1),
(235, '2020-06-15 14:51:37', 2, 487, 2, 2),
(236, '2020-06-15 14:51:37', 3, 506, 3, 3),
(237, '2020-06-15 14:51:37', 4, 45, 4, 4),
(238, '2020-06-15 14:51:37', 5, 24.84, NULL, NULL),
(239, '2020-06-15 14:51:37', 6, 25, NULL, NULL),
(240, '2020-06-15 14:51:37', 7, 46, NULL, NULL),
(241, '2020-06-15 14:51:37', 8, 1, NULL, NULL),
(242, '2020-06-15 14:52:02', 1, 498, 1, 1),
(243, '2020-06-15 14:52:02', 2, 487, 2, 2),
(244, '2020-06-15 14:52:02', 3, 507, 3, 3),
(245, '2020-06-15 14:52:02', 4, 46, 4, 4),
(246, '2020-06-15 14:52:02', 5, 24.84, NULL, NULL),
(247, '2020-06-15 14:52:02', 6, 25, NULL, NULL),
(248, '2020-06-15 14:52:02', 7, 45, NULL, NULL),
(249, '2020-06-15 14:52:02', 8, 1, NULL, NULL),
(250, '2020-06-15 14:52:55', 1, 498, 1, 1),
(251, '2020-06-15 14:52:55', 2, 487, 2, 2),
(252, '2020-06-15 14:52:55', 3, 506, 3, 3),
(253, '2020-06-15 14:52:55', 4, 45, 4, 4),
(254, '2020-06-15 14:52:55', 5, 24.84, NULL, NULL),
(255, '2020-06-15 14:52:55', 6, 25, NULL, NULL),
(256, '2020-06-15 14:52:55', 7, 45, NULL, NULL),
(257, '2020-06-15 14:52:55', 8, 1, NULL, NULL),
(258, '2020-06-15 14:53:23', 1, 498, 1, 1),
(259, '2020-06-15 14:53:23', 2, 487, 2, 2),
(260, '2020-06-15 14:53:23', 3, 507, 3, 3),
(261, '2020-06-15 14:53:23', 4, 45, 4, 4),
(262, '2020-06-15 14:53:23', 5, 24.84, NULL, NULL),
(263, '2020-06-15 14:53:23', 6, 25, NULL, NULL),
(264, '2020-06-15 14:53:23', 7, 46, NULL, NULL),
(265, '2020-06-15 14:53:23', 8, 1, NULL, NULL),
(266, '2020-06-15 14:54:56', 1, 498, 1, 1),
(267, '2020-06-15 14:54:56', 2, 487, 2, 2),
(268, '2020-06-15 14:54:56', 3, 507, 3, 3),
(269, '2020-06-15 14:54:56', 4, 45, 4, 4),
(270, '2020-06-15 14:54:56', 5, 24.52, NULL, NULL),
(271, '2020-06-15 14:54:56', 6, 25, NULL, NULL),
(272, '2020-06-15 14:54:56', 7, 46, NULL, NULL),
(273, '2020-06-15 14:54:56', 8, 1, NULL, NULL),
(274, '2020-06-15 14:55:12', 1, 498, 1, 1),
(275, '2020-06-15 14:55:12', 2, 487, 2, 2),
(276, '2020-06-15 14:55:12', 3, 507, 3, 3),
(277, '2020-06-15 14:55:12', 4, 45, 4, 4),
(278, '2020-06-15 14:55:12', 5, 24.84, NULL, NULL),
(279, '2020-06-15 14:55:12', 6, 25, NULL, NULL),
(280, '2020-06-15 14:55:12', 7, 46, NULL, NULL),
(281, '2020-06-15 14:55:12', 8, 1, NULL, NULL),
(282, '2020-06-15 14:55:25', 1, 498, 1, 1),
(283, '2020-06-15 14:55:25', 2, 487, 2, 2),
(284, '2020-06-15 14:55:25', 3, 507, 3, 3),
(285, '2020-06-15 14:55:25', 4, 45, 4, 4),
(286, '2020-06-15 14:55:25', 5, 24.84, NULL, NULL),
(287, '2020-06-15 14:55:25', 6, 25, NULL, NULL),
(288, '2020-06-15 14:55:25', 7, 46, NULL, NULL),
(289, '2020-06-15 14:55:25', 8, 1, NULL, NULL),
(290, '2020-06-15 14:55:49', 1, 498, 1, 1),
(291, '2020-06-15 14:55:49', 2, 487, 2, 2),
(292, '2020-06-15 14:55:49', 3, 507, 3, 3),
(293, '2020-06-15 14:55:49', 4, 45, 4, 4),
(294, '2020-06-15 14:55:49', 5, 24.84, NULL, NULL),
(295, '2020-06-15 14:55:49', 6, 25, NULL, NULL),
(296, '2020-06-15 14:55:49', 7, 46, NULL, NULL),
(297, '2020-06-15 14:55:49', 8, 1, NULL, NULL);

-- --------------------------------------------------------

--
-- Table structure for table `sensor`
--

CREATE TABLE `sensor` (
  `id` int(11) NOT NULL,
  `name` varchar(45) NOT NULL,
  `description` varchar(100) DEFAULT NULL,
  `unit` varchar(3) DEFAULT NULL
) ENGINE=InnoDB DEFAULT CHARSET=utf8;

--
-- Dumping data for table `sensor`
--

INSERT INTO `sensor` (`id`, `name`, `description`, `unit`) VALUES
(1, 'Moisture Sensor 1', 'Meet grondvochtigheid', '%'),
(2, 'Moisture Sensor 2', 'Meet grondvochtigheid', '%'),
(3, 'Moisture Sensor 3', 'Meet grondvochtigheid', '%'),
(4, 'Moisture Sensor 4', 'Meet grondvochtigheid', '%'),
(5, 'LM35', 'Meet temperatuur', '°C'),
(6, 'Dht11', 'Meet temperatuur', '°C'),
(7, 'Dht11', 'Meet luchtvochtigheid', '%'),
(8, 'Waterlevel Sensor', 'Meet waterlevel', NULL);

-- --------------------------------------------------------

--
-- Table structure for table `settings`
--

CREATE TABLE `settings` (
  `id` int(11) NOT NULL,
  `name` varchar(45) NOT NULL,
  `description` varchar(100) DEFAULT NULL,
  `value` double DEFAULT NULL
) ENGINE=InnoDB DEFAULT CHARSET=utf8;

--
-- Dumping data for table `settings`
--

INSERT INTO `settings` (`id`, `name`, `description`, `value`) VALUES
(1, 'Waterlevel value', 'The minimum waterlevel value, the pumps can pump if the value is above this', 300),
(2, 'Minimum temperature', 'The minimum temperature for the greenhouse', 12),
(3, 'Maximum temperature', 'The maximum temperature for the greenhouse', 30),
(4, 'Pump timer', 'Duration in seconds for how long the pumps are allowed to pump', 5),
(5, 'Pump interval', 'Duration in seconds between each pump', 60);

-- --------------------------------------------------------

--
-- Structure for view `fullreadings`
--
DROP TABLE IF EXISTS `fullreadings`;

CREATE ALGORITHM=UNDEFINED DEFINER=`root`@`localhost` SQL SECURITY DEFINER VIEW `fullreadings`  AS  select `r`.`id` AS `readingID`,`r`.`datainput` AS `datainput`,`s`.`id` AS `sensorID`,`s`.`name` AS `sensorName`,`s`.`description` AS `sensorDescription`,`s`.`unit` AS `sensorUnit`,`r`.`value` AS `value`,`a`.`id` AS `actuatorID`,`a`.`name` AS `actuatorName`,`a`.`status` AS `actuatorStatus`,`p`.`id` AS `pumpsID`,`p`.`name` AS `pumpsName`,`p`.`description` AS `pumpsDescription` from (((`reading` `r` join `sensor` `s` on(`r`.`sensorId` = `s`.`id`)) join `actuator` `a` on(`r`.`actuatorId` = `a`.`id`)) join `pumps` `p` on(`r`.`pumpId` = `p`.`id`)) order by `r`.`id` ;

--
-- Indexes for dumped tables
--

--
-- Indexes for table `actuator`
--
ALTER TABLE `actuator`
  ADD PRIMARY KEY (`id`);

--
-- Indexes for table `pumps`
--
ALTER TABLE `pumps`
  ADD PRIMARY KEY (`id`);

--
-- Indexes for table `reading`
--
ALTER TABLE `reading`
  ADD PRIMARY KEY (`id`),
  ADD KEY `fk_reading_actuator_idx` (`actuatorId`),
  ADD KEY `fk_reading_pump_idx` (`pumpId`),
  ADD KEY `fk_reading_sensor` (`sensorId`);

--
-- Indexes for table `sensor`
--
ALTER TABLE `sensor`
  ADD PRIMARY KEY (`id`);

--
-- Indexes for table `settings`
--
ALTER TABLE `settings`
  ADD PRIMARY KEY (`id`);

--
-- AUTO_INCREMENT for dumped tables
--

--
-- AUTO_INCREMENT for table `reading`
--
ALTER TABLE `reading`
  MODIFY `id` int(11) NOT NULL AUTO_INCREMENT, AUTO_INCREMENT=298;
--
-- AUTO_INCREMENT for table `sensor`
--
ALTER TABLE `sensor`
  MODIFY `id` int(11) NOT NULL AUTO_INCREMENT, AUTO_INCREMENT=9;
--
-- AUTO_INCREMENT for table `settings`
--
ALTER TABLE `settings`
  MODIFY `id` int(11) NOT NULL AUTO_INCREMENT, AUTO_INCREMENT=6;
--
-- Constraints for dumped tables
--

--
-- Constraints for table `reading`
--
ALTER TABLE `reading`
  ADD CONSTRAINT `fk_reading_actuator` FOREIGN KEY (`actuatorId`) REFERENCES `actuator` (`id`) ON DELETE NO ACTION ON UPDATE NO ACTION,
  ADD CONSTRAINT `fk_reading_pump` FOREIGN KEY (`pumpId`) REFERENCES `pumps` (`id`) ON DELETE NO ACTION ON UPDATE NO ACTION,
  ADD CONSTRAINT `fk_reading_sensor` FOREIGN KEY (`sensorId`) REFERENCES `sensor` (`id`) ON DELETE NO ACTION ON UPDATE NO ACTION;

/*!40101 SET CHARACTER_SET_CLIENT=@OLD_CHARACTER_SET_CLIENT */;
/*!40101 SET CHARACTER_SET_RESULTS=@OLD_CHARACTER_SET_RESULTS */;
/*!40101 SET COLLATION_CONNECTION=@OLD_COLLATION_CONNECTION */;
